{
    "rmse": 0.6578556865690154,
    "mae": 0.41222215796265155,
    "r2": 0.9554298149103276
}